lat,lon,value
21.3069444,-157.8583333,1
61.2180556,-149.9002778,1
44.5645659,-123.2620435,1
44.0462362,-123.0220289,1
45.5228939,-122.989827,1
47.0073187,-122.9093063,1
47.0378741,-122.9006951,1
47.0342629,-122.8231915,1
45.487062,-122.8037102,1
45.2998418,-122.7737062,1
38.440429,-122.7140548,1
45.5230622,-122.6764816,1
37.9735346,-122.5310874,1
37.8590937,-122.4852507,1
37.7749295,-122.4194155,1
37.6807661,-122.3999715,1
37.5778696,-122.34809,1
47.6062095,-122.3320708,1
37.8043637,-122.2711137,1
47.6101497,-122.2015159,1
47.6739881,-122.121512,1
37.9100783,-122.0651819,1
37.36883,-122.0363496,1
37.9779776,-122.0310733,1
37.7799273,-121.9780153,1
37.3541079,-121.9552356,1
36.6002378,-121.8946761,1
37.3382082,-121.8863286,1
37.6624312,-121.8746789,1
38.5804609,-121.530234,1
38.5815719,-121.4943996,1
38.5890723,-121.302728,1
37.9577016,-121.2907796,1
38.6262937,-121.2466156,1
38.6857367,-121.082167,1
37.6390972,-120.9968782,1
34.4358294,-119.8276389,1
39.5296329,-119.8138027,1
46.2856907,-119.2844621,1
34.2163937,-119.0376023,1
34.1705609,-118.8375937,1
34.165357,-118.6089752,1
33.8358492,-118.3406288,1
34.1808392,-118.3089661,1
33.7857948,-118.2643567,1
34.0522342,-118.2436849,1
33.7700504,-118.1937395,1
34.1477849,-118.1445155,1
34.5794343,-118.1164613,1
34.1069527,-117.9353413,1
34.1066756,-117.8067257,1
33.6839473,-117.7946942,1
33.6469661,-117.689218,1
47.6587802,-117.4260466,1
33.1580933,-117.3505939,1
47.6732281,-117.2393748,1
34.0555693,-117.1825381,1
32.715738,-117.1610838,1
33.4936391,-117.1483648,1
43.6121087,-116.3915131,1
43.6187102,-116.2146068,1
36.1699412,-115.1398296,1
42.8713032,-112.4455344,1
33.5386523,-112.1859866,1
33.4483771,-112.0740373,1
46.5883707,-112.0245054,1
41.223,-111.9738304,1
40.7607793,-111.8910474,1
40.6668916,-111.8879909,1
32.2217429,-110.926479,1
35.0853336,-106.6055534,1
31.7618778,-106.4850217,1
35.6869752,-105.937799,1
39.9205411,-105.0866504,1
40.5852602,-105.084423,1
39.8366528,-105.0372046,1
39.7392358,-104.990251,1
39.6477653,-104.9877597,1
39.6172101,-104.9508141,1
39.5807452,-104.8771726,1
38.8338816,-104.8213634,1
41.1448219,-102.9774497,1
48.2329668,-101.2922906,1
46.8083268,-100.7837392,1
29.4241219,-98.4936282,1
30.267153,-97.7430608,1
30.5082551,-97.678896,1
38.3708415,-97.6642087,1
35.4675602,-97.5164276,1
38.1383437,-97.4314267,1
32.7554883,-97.3307658,1
37.6871761,-97.330053,1
32.991235,-97.1950138,1
35.0077519,-97.092877,1
32.9545687,-97.0150078,1
33.046233,-96.994174,1
32.8140177,-96.9488945,1
32.96179,-96.8291685,1
33.1506744,-96.8236116,1
32.7766642,-96.7969879,1
46.8771863,-96.7898034,1
43.5445959,-96.7311034,1
33.0198431,-96.6988856,1
40.8257625,-96.6851982,1
33.1972465,-96.6397822,1
30.6743643,-96.3699632,1
30.627977,-96.3344068,1
41.2523634,-95.9979883,1
36.1539816,-95.992775,1
36.060949,-95.7974526,1
44.448423,-95.7911916,1
39.0558235,-95.6890185,1
29.6160671,-95.5577221,1
29.7604267,-95.3698028,1
32.3512601,-95.3010624,1
38.9822282,-94.6707917,1
39.0277832,-94.6557914,1
39.0997265,-94.5785667,1
35.3859242,-94.3985475,1
38.9108408,-94.3821724,1
36.3728538,-94.2088172,1
45.5579451,-94.1632404,1
41.6005448,-93.6091064,1
44.8546856,-93.470786,1
45.0105194,-93.4555093,1
44.9917149,-93.3600034,1
44.8896866,-93.3499489,1
44.840798,-93.2982799,1
37.2089572,-93.2922989,1
44.977753,-93.2650108,1
44.0855572,-93.2259349,1
45.1049656,-93.2085582,1
44.8041322,-93.1668858,1
36.2297936,-93.1076765,1
44.9537029,-93.0899578,1
34.5037004,-93.0551795,1
44.0121221,-92.4801989,1
42.7272032,-92.4668511,1
34.7464809,-92.2895948,1
38.5767017,-92.1735164,1
32.5093109,-92.1193012,1
41.9778795,-91.6656232,1
41.6611277,-91.5301683,1
44.811349,-91.4984941,1
43.8013556,-91.2395807,1
30.4582829,-91.1403196,1
42.5005583,-90.6645718,1
41.5236437,-90.5776367,1
41.5067003,-90.5151342,1
38.7881062,-90.4974359,1
38.5126456,-90.4429881,1
38.6270025,-90.1994042,1
32.2987573,-90.1848103,1
32.4284761,-90.1323087,1
29.9510658,-90.0715323,1
35.1495343,-90.0489801,1
39.7817213,-89.6501481,1
44.9591352,-89.6301221,1
44.5235792,-89.574563,1
40.8171184,-89.5679474,1
40.6128161,-89.4592609,1
43.0730517,-89.4012302,1
42.2711311,-89.0939952,1
40.4842027,-88.9936873,1
41.9294736,-88.7503647,1
44.1858193,-88.462609,1
44.2619309,-88.4153847,1
42.0354084,-88.2825668,1
42.0629915,-88.1227199,1
43.1788967,-88.1173132,1
41.8661403,-88.1070127,1
43.0605671,-88.1064787,1
42.353355,-88.0934145,1
42.0333607,-88.0834059,1
41.801141,-88.0747875,1
42.888627,-88.0384195,1
44.519159,-88.019826,1
41.8089191,-88.0111746,1
41.8397865,-87.9535534,1
42.2830786,-87.9531303,1
42.2333571,-87.9259058,1
42.1900249,-87.9084039,1
43.0389025,-87.9064736,1
42.1675254,-87.897014,1
42.3636331,-87.8447938,1
42.1711365,-87.8445119,1
42.325578,-87.8411818,1
42.7261309,-87.7828523,1
41.8781136,-87.6297982,1
37.9715592,-87.5710898,1
36.5297706,-87.3594528,1
30.421309,-87.2169149,1
41.4730948,-87.0611412,1
38.3914418,-86.9311094,1
40.4258686,-86.9080655,1
35.9250637,-86.8688899,1
33.4053867,-86.8113781,1
33.5206608,-86.80249,1
36.1626638,-86.7816016,1
36.1988486,-86.6197777,1
34.7303688,-86.5861037,1
42.0938577,-86.4895463,1
36.9685219,-86.4808043,1
32.3668052,-86.2999689,1
39.768403,-86.158068,1
42.7875235,-86.1089301,1
39.9567548,-86.01335,1
39.2014404,-85.9213796,1
41.2381,-85.8530469,1
38.2526647,-85.7584557,1
38.2775702,-85.7371847,1
42.9133602,-85.7053085,1
42.9633599,-85.6680863,1
30.1588129,-85.6602058,1
42.2917069,-85.5872286,1
40.1933767,-85.3863599,1
35.0456297,-85.3096801,1
41.079273,-85.1393513,1
32.4609764,-84.9877094,1
34.502587,-84.9510542,1
35.1595182,-84.8766115,1
38.2097967,-84.5588311,1
42.732535,-84.5555347,1
39.1031182,-84.5120196,1
38.0405837,-84.5037164,1
42.7369792,-84.4838654,1
33.7489954,-84.3879824,1
39.3600586,-84.309939,1
34.0753762,-84.2940899,1
39.6428362,-84.2866083,1
30.4382559,-84.2807329,1
43.6155825,-84.2472116,1
39.7589478,-84.1916069,1
31.5785074,-84.155741,1
34.2073196,-84.1401926,1
42.1503177,-84.037723,1
43.4194699,-83.9508068,1
35.9606384,-83.9207392,1
42.2808256,-83.7430378,1
41.04422,-83.6499321,1
32.8406946,-83.6324022,1
41.6639383,-83.555212,1
42.48059,-83.4754913,1
42.4989936,-83.3677168,1
33.9519347,-83.357567,1
42.6875323,-83.2341028,1
42.4733688,-83.2218731,1
42.3222599,-83.1763145,1
42.6064095,-83.1497751,1
40.0992294,-83.1140771,1
42.331427,-83.0457538,1
39.9611755,-82.9987942,1
27.7518284,-82.6267345,1
36.548434,-82.5618186,1
35.5950581,-82.5514869,1
27.3364347,-82.5306527,1
27.950575,-82.4571776,1
34.8526176,-82.3940104,1
33.4734978,-82.0105148,1
40.8050565,-81.935143,1
26.640628,-81.8723084,1
26.339806,-81.7786972,1
41.49932,-81.6943605,1
30.3321838,-81.655651,1
38.3498195,-81.6326234,1
28.3936186,-81.5386842,1
41.0814447,-81.5190053,1
28.5383355,-81.3792365,1
35.7344538,-81.3444573,1
34.0007104,-81.0348144,1
29.2108147,-81.0228331,1
35.0073697,-80.9450759,1
32.2371465,-80.8603868,1
35.4993031,-80.8486846,1
35.2270869,-80.8431267,1
35.5848596,-80.8100724,1
28.0836269,-80.6081089,1
35.6709727,-80.4742261,1
26.1003654,-80.3997748,1
25.9860762,-80.3035602,1
27.197548,-80.2528257,1
36.0998596,-80.244216,1
25.7616798,-80.1917902,1
40.5184013,-80.1667247,1
26.1224386,-80.1373174,1
40.6849626,-80.1071379,1
26.9342246,-80.0942087,1
42.1292241,-80.085059,1
26.7753405,-80.0580969,1
37.2934681,-80.0547626,1
26.8797819,-80.0533743,1
40.4406248,-79.9958864,1
32.8546197,-79.9748103,1
39.629526,-79.9558968,1
32.7764749,-79.9310512,1
36.0726354,-79.7919754,1
34.1954331,-79.7625625,1
35.4798757,-79.1802994,1
37.4137536,-79.1422464,1
35.9940329,-78.898619,1
42.8864468,-78.8783689,1
35.823483,-78.8255621,1
42.9790067,-78.792272,1
35.79154,-78.7811169,1
35.7795897,-78.6381787,1
38.0293059,-78.4766781,1
37.3020965,-78.3919401,1
35.7212689,-77.9155395,1
40.7933949,-77.8600012,1
39.6417629,-77.7199932,1
43.16103,-77.6109219,1
43.0906186,-77.5149969,1
37.665978,-77.5063739,1
43.1086741,-77.4874959,1
39.0437567,-77.4874416,1
37.5407246,-77.4360481,1
39.0066993,-77.4291298,1
39.4142688,-77.4105409,1
38.9695545,-77.3860976,1
35.612661,-77.3663538,1
37.5059332,-77.3324425,1
38.8799697,-77.1067698,1
42.1620186,-77.0941366,1
38.8048355,-77.0469214,1
38.9071923,-77.0368707,1
38.9906657,-77.026088,1
40.2142565,-77.0085876,1
39.0348317,-76.9074739,1
40.2731911,-76.8867008,1
39.2037144,-76.8610462,1
39.4195499,-76.7802528,1
37.2707022,-76.7074571,1
39.4900013,-76.6585074,1
40.2859239,-76.6502468,1
39.4812172,-76.6438598,1
40.96342,-76.6127329,1
39.2903848,-76.6121893,1
36.8507689,-76.2858726,1
43.0481221,-76.1474244,1
40.1017643,-76.085227,1
36.8529263,-75.977985,1
40.329537,-75.9652117,1
42.1156308,-75.9588092,1
41.2459149,-75.8813075,1
39.6837226,-75.7496572,1
41.353413,-75.7382478,1
41.4886892,-75.7085248,1
41.408969,-75.6624122,1
40.0325817,-75.6274583,1
39.9606643,-75.6054882,1
38.3606736,-75.5993692,1
39.7390721,-75.5397878,1
40.6084305,-75.4901833,1
40.5294058,-75.3936935,1
40.1012856,-75.3835525,1
40.6259316,-75.3704579,1
40.2090521,-75.2964708,1
43.073403,-75.2876661,1
40.2414952,-75.2837862,1
40.2109404,-75.2782317,1
40.1023319,-75.2743467,1
40.1523309,-75.266289,1
39.9525839,-75.1652215,1
39.934002,-74.8909988,1
40.309579,-74.8770282,1
40.6155663,-74.7702576,1
41.1464852,-74.7523874,1
40.5868114,-74.6985891,1
40.2115109,-74.6796651,1
40.3572976,-74.6672226,1
40.3173301,-74.6198791,1
40.5939636,-74.6049061,1
40.8478065,-74.5747248,1
40.7066174,-74.5493284,1
40.372607,-74.5101536,1
40.497604,-74.4884868,1
40.7967667,-74.4815438,1
40.554887,-74.4642861,1
40.8652865,-74.4173877,1
40.5187154,-74.4120953,1
40.5753817,-74.3223703,1
40.735657,-74.1723667,1
40.8120171,-74.1243063,1
40.7281575,-74.0776417,1
40.7895453,-74.0565298,1
40.7663711,-74.0253715,1
40.8932469,-74.0116536,1
40.7127837,-74.0059413,1
42.8142432,-73.9395687,1
41.7003713,-73.9209701,1
41.0339862,-73.7629097,1
42.6525793,-73.7562317,1
42.6920233,-73.7245639,1
41.1264849,-73.7140195,1
40.9806535,-73.6837399,1
41.0534302,-73.5387341,1
41.394817,-73.4540111,1
44.6994873,-73.4529124,1
40.7934322,-73.4151214,1
42.4500845,-73.2453824,1
40.8256536,-73.2026138,1
41.3164856,-73.0931641,1
41.278637,-73.0265277,1
41.8540094,-72.827915,1
41.7360305,-72.795027,1
41.7637111,-72.6850932,1
41.6572525,-72.6655757,1
41.5623209,-72.6506488,1
41.8525984,-72.6437022,1
42.1014831,-72.589811,1
44.2600593,-72.5753869,1
41.8489872,-72.5717551,1
41.7759301,-72.5215009,1
42.933692,-72.2781409,1
43.6422934,-72.2517569,1
41.3497456,-72.0790717,1
42.050091,-71.8800628,1
42.2625932,-71.8022934,1
42.3459271,-71.5522874,1
43.2081366,-71.5375718,1
42.0028761,-71.5147839,1
42.9463291,-71.5132008,1
42.7653662,-71.467566,1
42.9956397,-71.4547891,1
42.2000966,-71.4245049,1
42.279286,-71.4161565,1
41.8239891,-71.4128343,1
42.5998139,-71.3672838,1
42.3764852,-71.2356113,1
42.6106478,-71.2342248,1
42.4430372,-71.2289641,1
42.6987024,-71.1350575,1
42.3736158,-71.1097335,1
42.3016305,-71.067605,1
42.3600825,-71.0588801,1
42.40843,-71.0536625,1
43.1978624,-70.8736698,1
43.0717552,-70.7625532,1
43.5901974,-70.3344921,1
43.661471,-70.2553259,1
18.4655394,-66.1057355,1
